"category","relative_path","extension","size_bytes","modified_time"
"00_README_FOR_SUBMISSION.md","00_README_FOR_SUBMISSION.md",".md","2634","2026-06-16 00:21:12"
"01_final_workbench_code","01_final_workbench_code\.dockerignore",".dockerignore","224","2026-06-15 22:11:59"
"01_final_workbench_code","01_final_workbench_code\.github\workflows\windows-package-validation.yml",".yml","815","2026-06-15 22:16:55"
"01_final_workbench_code","01_final_workbench_code\app\backend\adapters\openai_compatible_client.py",".py","759","2026-06-11 18:03:08"
"01_final_workbench_code","01_final_workbench_code\app\backend\server.py",".py","77443","2026-06-15 22:11:15"
"01_final_workbench_code","01_final_workbench_code\app\backend\services\case_service.py",".py","493","2026-06-15 13:21:24"
"01_final_workbench_code","01_final_workbench_code\app\backend\services\llm_settings_service.py",".py","342","2026-06-11 18:03:08"
"01_final_workbench_code","01_final_workbench_code\app\backend\validation\v9_validation.py",".py","733","2026-06-12 09:54:02"
"01_final_workbench_code","01_final_workbench_code\app\config\llm_config.example.json",".json","342","2026-06-11 18:03:08"
"01_final_workbench_code","01_final_workbench_code\app\config\local_workbench_config.json",".json","208","2026-06-15 14:15:25"
"01_final_workbench_code","01_final_workbench_code\app\data\agent_templates.json",".json","9830","2026-06-12 09:52:12"
"01_final_workbench_code","01_final_workbench_code\app\data\evidence_enrichment_report_v19.json",".json","853","2026-06-15 14:14:19"
"01_final_workbench_code","01_final_workbench_code\app\data\evidence_enrichment_report_v28.json",".json","742","2026-06-15 21:52:59"
"01_final_workbench_code","01_final_workbench_code\app\data\evidence_units.jsonl",".jsonl","40047228","2026-06-15 21:52:59"
"01_final_workbench_code","01_final_workbench_code\app\data\graph_edges.json",".json","90767","2026-06-11 17:16:16"
"01_final_workbench_code","01_final_workbench_code\app\data\graph_nodes.json",".json","61023","2026-06-15 14:17:04"
"01_final_workbench_code","01_final_workbench_code\app\data\kom_workbench.sqlite",".sqlite","44802048","2026-06-15 21:52:58"
"01_final_workbench_code","01_final_workbench_code\app\data\report_templates.json",".json","307","2026-06-11 17:16:16"
"01_final_workbench_code","01_final_workbench_code\app\data\safety_rules.json",".json","9267","2026-06-11 17:16:16"
"01_final_workbench_code","01_final_workbench_code\app\data\seed_cases.jsonl",".jsonl","164049","2026-06-15 13:21:17"
"01_final_workbench_code","01_final_workbench_code\app\data\seed_cases_summary.json",".json","541","2026-06-15 13:22:13"
"01_final_workbench_code","01_final_workbench_code\app\data\source_cache_l2_l3_v28.jsonl",".jsonl","24558820","2026-06-15 21:52:45"
"01_final_workbench_code","01_final_workbench_code\app\data\v9_workbench_content.json",".json","109680","2026-06-15 22:13:56"
"01_final_workbench_code","01_final_workbench_code\app\start_server.py",".py","367","2026-06-12 08:05:32"
"01_final_workbench_code","01_final_workbench_code\app\static\assets\graphrag_figures\Figure_1_current_kom_rag_evidence_network.svg",".svg","7609","2026-06-15 14:16:59"
"01_final_workbench_code","01_final_workbench_code\app\static\assets\graphrag_figures\Figure_1_multilabel_knowledge_graph_network.png",".png","1448697","2026-06-11 17:16:14"
"01_final_workbench_code","01_final_workbench_code\app\static\assets\graphrag_figures\Figure_1_multilabel_knowledge_graph_network.svg",".svg","32682","2026-06-11 17:16:14"
"01_final_workbench_code","01_final_workbench_code\app\static\assets\graphrag_figures\Figure_1_primary_knowledge_graph_network.png",".png","1145752","2026-06-11 17:16:14"
"01_final_workbench_code","01_final_workbench_code\app\static\assets\graphrag_figures\Figure_1_primary_knowledge_graph_network.svg",".svg","26681","2026-06-11 17:16:14"
"01_final_workbench_code","01_final_workbench_code\app\static\assets\graphrag_figures\Figure_2_primary_domain_evidence_heatmap.png",".png","518452","2026-06-11 17:16:14"
"01_final_workbench_code","01_final_workbench_code\app\static\assets\graphrag_figures\Figure_2_primary_domain_evidence_heatmap.svg",".svg","17812","2026-06-11 17:16:14"
"01_final_workbench_code","01_final_workbench_code\app\static\assets\graphrag_figures\Figure_3_all_domain_multilabel_evidence_heatmap.png",".png","632519","2026-06-11 17:16:14"
"01_final_workbench_code","01_final_workbench_code\app\static\assets\graphrag_figures\Figure_4_primary_vs_multilabel_domain_burden.png",".png","437832","2026-06-11 17:16:14"
"01_final_workbench_code","01_final_workbench_code\app\static\assets\graphrag_figures\Figure_4_primary_vs_multilabel_domain_burden.svg",".svg","15032","2026-06-11 17:16:14"
"01_final_workbench_code","01_final_workbench_code\app\static\assets\graphrag_figures\Figure_5_evidence_level_distribution.png",".png","298791","2026-06-11 17:16:14"
"01_final_workbench_code","01_final_workbench_code\app\static\assets\graphrag_figures\Figure_5_evidence_level_distribution.svg",".svg","15554","2026-06-11 17:16:14"
"01_final_workbench_code","01_final_workbench_code\app\static\assets\images\demo_xray_sample.png",".png","9214","2026-06-10 20:43:52"
"01_final_workbench_code","01_final_workbench_code\app\static\assets\images\real_oai_knee_image_demo.png",".png","1172167","2026-03-03 19:33:38"
"01_final_workbench_code","01_final_workbench_code\app\static\assets\images\real_oai_knee_image_panel.png",".png","1172167","2026-03-03 19:33:38"
"01_final_workbench_code","01_final_workbench_code\app\static\assets\images\xray_right_knee_KL3_demo.png",".png","12485","2026-06-10 23:35:08"
"01_final_workbench_code","01_final_workbench_code\app\static\assets\images\xray_right_knee_KL3_reference.png",".png","12485","2026-06-10 23:35:08"
"01_final_workbench_code","01_final_workbench_code\app\static\assets\kom_rad\case_9096724_bilateral_original.png",".png","2600459","2026-05-05 01:00:44"
"01_final_workbench_code","01_final_workbench_code\app\static\assets\kom_rad\case_9096724_patient_left_knee_crop.png",".png","533121","2026-05-05 01:00:44"
"01_final_workbench_code","01_final_workbench_code\app\static\assets\kom_rad\case_9096724_patient_right_knee_crop.png",".png","502141","2026-05-05 01:00:44"
"01_final_workbench_code","01_final_workbench_code\app\static\assets\kom_rad\Figure_2_calibration_selective_risk.png",".png","1421611","2026-05-04 19:19:14"
"01_final_workbench_code","01_final_workbench_code\app\static\assets\kom_risk\fig3_calibration_ICI.png",".png","234994","2026-05-04 20:20:42"
"01_final_workbench_code","01_final_workbench_code\app\static\assets\kom_risk\fig5_SHAP_KL_progression.png",".png","528206","2026-05-04 20:20:42"
"01_final_workbench_code","01_final_workbench_code\app\static\assets\kom_risk\fig5_SHAP_TKR.png",".png","481389","2026-05-04 20:20:42"
"01_final_workbench_code","01_final_workbench_code\app\static\assets\kom_risk\fig5_SHAP_WOMAC_pain.png",".png","468612","2026-05-04 20:20:42"
"01_final_workbench_code","01_final_workbench_code\app\static\index.html",".html","392","2026-06-12 01:06:20"
"01_final_workbench_code","01_final_workbench_code\app\static\kom_v9.css",".css","78742","2026-06-15 20:41:08"
"01_final_workbench_code","01_final_workbench_code\app\static\kom_v9.js",".js","161549","2026-06-15 21:45:06"
"01_final_workbench_code","01_final_workbench_code\Dockerfile","","296","2026-06-15 22:11:24"
"01_final_workbench_code","01_final_workbench_code\Open_Validation_API.bat",".bat","192","2026-06-15 12:43:53"
"01_final_workbench_code","01_final_workbench_code\package_integrity.py",".py","4430","2026-06-15 22:25:43"
"01_final_workbench_code","01_final_workbench_code\PACKAGE_MANIFEST.json",".json","5797","2026-06-15 22:17:12"
"01_final_workbench_code","01_final_workbench_code\README_GITHUB_AND_WEB_DEPLOY.md",".md","2593","2026-06-15 22:16:55"
"01_final_workbench_code","01_final_workbench_code\README_START_HERE.md",".md","6316","2026-06-15 22:16:40"
"01_final_workbench_code","01_final_workbench_code\render.yaml",".yaml","223","2026-06-15 22:11:59"
"01_final_workbench_code","01_final_workbench_code\Run_Validation.bat",".bat","532","2026-06-12 19:49:34"
"01_final_workbench_code","01_final_workbench_code\runtime\README_RUNTIME.txt",".txt","546","2026-06-10 23:06:32"
"01_final_workbench_code","01_final_workbench_code\Start_KOM_Workbench.bat",".bat","1175","2026-06-15 12:43:53"
"01_final_workbench_code","01_final_workbench_code\Start_KOM_Workbench_Portable.bat",".bat","1574","2026-06-15 22:11:59"
"01_final_workbench_code","01_final_workbench_code\Stop_KOM_Workbench.bat",".bat","187","2026-06-15 12:43:53"
"01_final_workbench_code","01_final_workbench_code\tools\enrich_evidence_units_v19.py",".py","15807","2026-06-15 14:14:07"
"01_final_workbench_code","01_final_workbench_code\tools\enrich_l2_l3_evidence_v28.py",".py","29012","2026-06-15 21:50:00"
"01_final_workbench_code","01_final_workbench_code\validation\l2_l3_evidence_qa_report.json",".json","309","2026-06-15 18:00:19"
"01_final_workbench_code","01_final_workbench_code\validation\package_integrity_report.json",".json","4810","2026-06-16 00:18:30"
"01_final_workbench_code","01_final_workbench_code\validation\v9_validation_report.json",".json","7557","2026-06-16 00:18:50"
"02_reviewer_demo_source","02_reviewer_demo_source\e2e\reviewer-flow.spec.ts",".ts","1830","2026-06-05 23:50:36"
"02_reviewer_demo_source","02_reviewer_demo_source\index.html",".html","631885","2026-06-05 23:52:23"
"02_reviewer_demo_source","02_reviewer_demo_source\index.source.html",".html","312","2026-06-05 23:48:26"
"02_reviewer_demo_source","02_reviewer_demo_source\KOM_Interface_Screenshot_Index.html",".html","4074","2026-06-05 23:51:37"
"02_reviewer_demo_source","02_reviewer_demo_source\KOM_Reviewer_Interface_Single_File.html",".html","631885","2026-06-05 23:52:23"
"02_reviewer_demo_source","02_reviewer_demo_source\KOM_Reviewer_Interface_单文件双击打开.html",".html","631885","2026-06-05 23:52:23"
"02_reviewer_demo_source","02_reviewer_demo_source\KOM_界面截图索引.html",".html","4074","2026-06-05 23:51:37"
"02_reviewer_demo_source","02_reviewer_demo_source\open-screenshots.bat",".bat","209","2026-06-05 17:11:25"
"02_reviewer_demo_source","02_reviewer_demo_source\package.json",".json","1337","2026-06-05 17:02:59"
"02_reviewer_demo_source","02_reviewer_demo_source\package-lock.json",".json","193828","2026-06-05 16:59:11"
"02_reviewer_demo_source","02_reviewer_demo_source\playwright.config.ts",".ts","519","2026-06-05 12:14:03"
"02_reviewer_demo_source","02_reviewer_demo_source\postcss.config.js",".js","85","2026-06-05 12:14:03"
"02_reviewer_demo_source","02_reviewer_demo_source\README.md",".md","4029","2026-06-05 17:09:07"
"02_reviewer_demo_source","02_reviewer_demo_source\REVIEWER_GUIDE.md",".md","2013","2026-06-05 12:30:31"
"02_reviewer_demo_source","02_reviewer_demo_source\scripts\build-single-file.mjs",".mjs","2216","2026-06-05 23:46:57"
"02_reviewer_demo_source","02_reviewer_demo_source\scripts\capture-interface-screenshots.mjs",".mjs","5731","2026-06-05 23:48:26"
"02_reviewer_demo_source","02_reviewer_demo_source\scripts\record-demo.mjs",".mjs","2934","2026-06-05 13:38:05"
"02_reviewer_demo_source","02_reviewer_demo_source\scripts\restore-source-index.mjs",".mjs","495","2026-06-05 16:59:32"
"02_reviewer_demo_source","02_reviewer_demo_source\src\App.tsx",".tsx","2909","2026-06-05 23:43:42"
"02_reviewer_demo_source","02_reviewer_demo_source\src\components\AuditDrawer.tsx",".tsx","2112","2026-06-05 23:45:32"
"02_reviewer_demo_source","02_reviewer_demo_source\src\components\CaseSelector.tsx",".tsx","1296","2026-06-05 13:35:28"
"02_reviewer_demo_source","02_reviewer_demo_source\src\components\EvidenceCard.tsx",".tsx","946","2026-06-05 12:25:14"
"02_reviewer_demo_source","02_reviewer_demo_source\src\components\EvidenceDrawer.tsx",".tsx","2388","2026-06-05 23:45:32"
"02_reviewer_demo_source","02_reviewer_demo_source\src\components\ExportPanel.tsx",".tsx","1404","2026-06-05 13:36:35"
"02_reviewer_demo_source","02_reviewer_demo_source\src\components\Header.tsx",".tsx","3279","2026-06-05 23:39:19"
"02_reviewer_demo_source","02_reviewer_demo_source\src\components\Layout.tsx",".tsx","2810","2026-06-05 23:42:00"
"02_reviewer_demo_source","02_reviewer_demo_source\src\components\MetricCard.tsx",".tsx","420","2026-06-05 12:14:03"
"02_reviewer_demo_source","02_reviewer_demo_source\src\components\ModuleBadge.tsx",".tsx","508","2026-06-05 12:14:03"
"02_reviewer_demo_source","02_reviewer_demo_source\src\components\PrescriptionPanel.tsx",".tsx","1141","2026-06-05 12:14:03"
"02_reviewer_demo_source","02_reviewer_demo_source\src\components\ResultChart.tsx",".tsx","983","2026-06-05 12:14:03"
"02_reviewer_demo_source","02_reviewer_demo_source\src\components\ReviewerTour.tsx",".tsx","699","2026-06-05 12:14:03"
"02_reviewer_demo_source","02_reviewer_demo_source\src\components\SafetyAlert.tsx",".tsx","711","2026-06-05 12:14:03"
"02_reviewer_demo_source","02_reviewer_demo_source\src\components\Sidebar.tsx",".tsx","1974","2026-06-05 23:42:14"
"02_reviewer_demo_source","02_reviewer_demo_source\src\components\TermTooltip.tsx",".tsx","913","2026-06-05 12:25:14"
"02_reviewer_demo_source","02_reviewer_demo_source\src\data\demoCases.ts",".ts","9891","2026-06-05 23:35:10"
"02_reviewer_demo_source","02_reviewer_demo_source\src\data\evidenceLibrary.ts",".ts","4390","2026-06-05 12:25:14"
"02_reviewer_demo_source","02_reviewer_demo_source\src\data\glossary.ts",".ts","189","2026-06-05 12:25:14"
"02_reviewer_demo_source","02_reviewer_demo_source\src\data\komCases.ts",".ts","109","2026-06-05 23:35:50"
"02_reviewer_demo_source","02_reviewer_demo_source\src\data\komContent.ts",".ts","2814","2026-06-05 23:35:35"
"02_reviewer_demo_source","02_reviewer_demo_source\src\data\komEvidence.ts",".ts","149","2026-06-05 23:45:32"
"02_reviewer_demo_source","02_reviewer_demo_source\src\data\komGlossary.ts",".ts","134","2026-06-05 23:45:32"
"02_reviewer_demo_source","02_reviewer_demo_source\src\data\komMethods.ts",".ts","2559","2026-06-05 23:37:01"
"02_reviewer_demo_source","02_reviewer_demo_source\src\data\komResults.ts",".ts","172","2026-06-05 23:36:18"
"02_reviewer_demo_source","02_reviewer_demo_source\src\data\komRubrics.ts",".ts","107","2026-06-05 23:45:32"
"02_reviewer_demo_source","02_reviewer_demo_source\src\data\rubrics.ts",".ts","2375","2026-06-05 12:14:03"
"02_reviewer_demo_source","02_reviewer_demo_source\src\data\studyResults.ts",".ts","2762","2026-06-05 12:14:03"
"02_reviewer_demo_source","02_reviewer_demo_source\src\data\termDefinitions.ts",".ts","9498","2026-06-05 12:31:12"
"02_reviewer_demo_source","02_reviewer_demo_source\src\engine\exportEngine.ts",".ts","2211","2026-06-05 23:51:50"
"02_reviewer_demo_source","02_reviewer_demo_source\src\engine\mdtEngine.ts",".ts","2503","2026-06-05 12:14:03"
"02_reviewer_demo_source","02_reviewer_demo_source\src\engine\prescriptionEngine.ts",".ts","2243","2026-06-05 12:14:03"
"02_reviewer_demo_source","02_reviewer_demo_source\src\engine\privacyEngine.ts",".ts","305","2026-06-05 23:42:26"
"02_reviewer_demo_source","02_reviewer_demo_source\src\engine\profileEngine.ts",".ts","2025","2026-06-05 12:16:19"
"02_reviewer_demo_source","02_reviewer_demo_source\src\engine\ragEngine.ts",".ts","2819","2026-06-05 12:25:14"
"02_reviewer_demo_source","02_reviewer_demo_source\src\engine\safetyEngine.ts",".ts","2213","2026-06-05 12:25:14"
"02_reviewer_demo_source","02_reviewer_demo_source\src\engine\scoringEngine.ts",".ts","1438","2026-06-05 12:25:14"
"02_reviewer_demo_source","02_reviewer_demo_source\src\main.tsx",".tsx","247","2026-06-05 12:14:03"
"02_reviewer_demo_source","02_reviewer_demo_source\src\pages\AssessPage.tsx",".tsx","3158","2026-06-05 13:36:22"
"02_reviewer_demo_source","02_reviewer_demo_source\src\pages\CaseWorkspacePage.tsx",".tsx","4758","2026-06-05 13:36:06"
"02_reviewer_demo_source","02_reviewer_demo_source\src\pages\GlossaryPage.tsx",".tsx","1220","2026-06-05 12:27:33"
"02_reviewer_demo_source","02_reviewer_demo_source\src\pages\MethodsPage.tsx",".tsx","3670","2026-06-05 12:27:13"
"02_reviewer_demo_source","02_reviewer_demo_source\src\pages\OverviewPage.tsx",".tsx","4073","2026-06-05 23:45:32"
"02_reviewer_demo_source","02_reviewer_demo_source\src\pages\ResultsPage.tsx",".tsx","3818","2026-06-05 12:27:51"
"02_reviewer_demo_source","02_reviewer_demo_source\src\pages\ScorePage.tsx",".tsx","1891","2026-06-05 12:26:47"
"02_reviewer_demo_source","02_reviewer_demo_source\src\pages\SimPage.tsx",".tsx","2993","2026-06-05 12:14:03"
"02_reviewer_demo_source","02_reviewer_demo_source\src\pages\TreatPage.tsx",".tsx","3779","2026-06-05 12:26:29"
"02_reviewer_demo_source","02_reviewer_demo_source\src\styles.css",".css","694","2026-06-05 12:14:03"
"02_reviewer_demo_source","02_reviewer_demo_source\src\tests\appSmoke.test.tsx",".tsx","1072","2026-06-05 23:48:26"
"02_reviewer_demo_source","02_reviewer_demo_source\src\tests\engine.test.ts",".ts","2506","2026-06-05 12:28:50"
"02_reviewer_demo_source","02_reviewer_demo_source\src\tests\glossary.test.ts",".ts","1157","2026-06-05 12:31:56"
"02_reviewer_demo_source","02_reviewer_demo_source\src\utils\auditContent.ts",".ts","2047","2026-06-05 23:37:50"
"02_reviewer_demo_source","02_reviewer_demo_source\src\utils\exportKOM.ts",".ts","2792","2026-06-05 23:37:28"
"02_reviewer_demo_source","02_reviewer_demo_source\start.bat",".bat","464","2026-06-05 23:46:57"
"02_reviewer_demo_source","02_reviewer_demo_source\start.sh",".sh","455","2026-06-05 17:10:48"
"02_reviewer_demo_source","02_reviewer_demo_source\start-dev-server.bat",".bat","170","2026-06-05 17:01:57"
"02_reviewer_demo_source","02_reviewer_demo_source\tailwind.config.js",".js","565","2026-06-05 12:14:03"
"02_reviewer_demo_source","02_reviewer_demo_source\tsconfig.json",".json","522","2026-06-05 12:15:41"
"02_reviewer_demo_source","02_reviewer_demo_source\tsconfig.node.json",".json","244","2026-06-05 12:14:03"
"02_reviewer_demo_source","02_reviewer_demo_source\VALIDATION_REPORT.md",".md","4803","2026-06-05 17:10:13"
"02_reviewer_demo_source","02_reviewer_demo_source\vite.config.ts",".ts","254","2026-06-05 12:16:53"
"03_reproducibility_scripts","03_reproducibility_scripts\koa_project_root\audit_recovered_full_master_20260610.py",".py","4448","2026-06-10 13:49:28"
"03_reproducibility_scripts","03_reproducibility_scripts\koa_project_root\build_komrisk_feature_audit_202606.py",".py","67896","2026-06-10 02:55:53"
"03_reproducibility_scripts","03_reproducibility_scripts\koa_project_root\final_lock_postdedup_20260610.py",".py","40532","2026-06-10 08:25:59"
"03_reproducibility_scripts","03_reproducibility_scripts\koa_project_root\make_final_master_table_locked_20260610.py",".py","66108","2026-06-10 09:32:24"
"03_reproducibility_scripts","03_reproducibility_scripts\koa_project_root\make_recovered_full_master_table_20260610.py",".py","48848","2026-06-10 14:05:19"
"03_reproducibility_scripts","03_reproducibility_scripts\koa_project_root\make_submission_single_master_table_20260610.py",".py","69788","2026-06-10 12:17:05"
"03_reproducibility_scripts","03_reproducibility_scripts\koa_project_root\patch_raw_data_preservation_archive_20260610.py",".py","41989","2026-06-10 12:50:42"
"03_reproducibility_scripts","03_reproducibility_scripts\koa_project_root\run_komrisk_formal_retrain_20260610.py",".py","63207","2026-06-10 04:25:22"
"03_reproducibility_scripts","03_reproducibility_scripts\submission_delta_scripts\build_kom_submission_delta_fixed_package.py",".py","64416","2026-06-10 02:27:39"
"03_reproducibility_scripts","03_reproducibility_scripts\submission_delta_scripts\export_KOMRisk_predictions_template.py",".py","1863","2026-06-10 02:28:06"
"03_reproducibility_scripts","03_reproducibility_scripts\submission_delta_scripts\run_export_KOMRisk_predictions.bat",".bat","184","2026-06-10 02:28:06"
"03_reproducibility_scripts","03_reproducibility_scripts\submission_delta_scripts\run_export_KOMRisk_predictions.sh",".sh","206","2026-06-10 02:28:06"
"03_reproducibility_scripts","03_reproducibility_scripts\workspace_root\assessment_gpt4o_quality_eval.py",".py","31124","2026-06-04 18:01:33"
"03_reproducibility_scripts","03_reproducibility_scripts\workspace_root\build_koa_recuration_v4.py",".py","52728","2026-06-16 00:20:28"
"03_reproducibility_scripts","03_reproducibility_scripts\workspace_root\build_koa_table_aware_v5.py",".py","26857","2026-06-16 00:20:28"
"03_reproducibility_scripts","03_reproducibility_scripts\workspace_root\build_kom_figure_deep_optimization_20260615.py",".py","54642","2026-06-15 15:24:55"
"03_reproducibility_scripts","03_reproducibility_scripts\workspace_root\build_kom_four_arm_expert_revision.py",".py","39740","2026-06-15 20:21:17"
"03_reproducibility_scripts","03_reproducibility_scripts\workspace_root\build_kom_reviewer_local_demo_final_202606.py",".py","81797","2026-06-10 20:42:33"
"03_reproducibility_scripts","03_reproducibility_scripts\workspace_root\build_kom_style_migrated_remake_20260615.py",".py","41039","2026-06-15 16:18:47"
"03_reproducibility_scripts","03_reproducibility_scripts\workspace_root\build_kom_submission_audit_package.py",".py","47251","2026-06-09 23:31:11"
"03_reproducibility_scripts","03_reproducibility_scripts\workspace_root\build_kom_submission_delta_fixed_package.py",".py","64416","2026-06-10 02:27:39"
"03_reproducibility_scripts","03_reproducibility_scripts\workspace_root\build_kom_submission_final_package.py",".py","86057","2026-06-10 01:17:42"
"03_reproducibility_scripts","03_reproducibility_scripts\workspace_root\build_komrisk_retrain_precheck_202606.py",".py","53890","2026-06-10 03:40:48"
"03_reproducibility_scripts","03_reproducibility_scripts\workspace_root\build_v6_workbench.py",".py","100292","2026-06-16 00:20:28"
"03_reproducibility_scripts","03_reproducibility_scripts\workspace_root\expert_blind_fill.py",".py","16757","2026-06-03 06:15:36"
"03_reproducibility_scripts","03_reproducibility_scripts\workspace_root\finish_kom_submission_audit_package.py",".py","28366","2026-06-09 23:49:59"
"03_reproducibility_scripts","03_reproducibility_scripts\workspace_root\inspect_evidence_v8.py",".py","1064","2026-06-11 19:33:33"
"03_reproducibility_scripts","03_reproducibility_scripts\workspace_root\kom_fill_remaining_gaps_20260615.py",".py","42358","2026-06-15 19:10:07"
"03_reproducibility_scripts","03_reproducibility_scripts\workspace_root\kom_result_completeness_audit_20260615.py",".py","75102","2026-06-16 00:20:28"
"03_reproducibility_scripts","03_reproducibility_scripts\workspace_root\kom_supplementary_methods_status_report_20260615.py",".py","20422","2026-06-15 19:32:02"
"03_reproducibility_scripts","03_reproducibility_scripts\workspace_root\kom_write_supplementary_chinese_final_20260615.py",".py","19386","2026-06-15 19:44:15"
"03_reproducibility_scripts","03_reproducibility_scripts\workspace_root\kom_write_supplementary_full_content_20260615.py",".py","29142","2026-06-15 19:39:07"
"03_reproducibility_scripts","03_reproducibility_scripts\workspace_root\patch_v7_workbench.py",".py","102311","2026-06-11 19:16:15"
"03_reproducibility_scripts","03_reproducibility_scripts\workspace_root\patch_v8_clinical_workbench.py",".py","84085","2026-06-11 19:46:16"
"03_reproducibility_scripts","03_reproducibility_scripts\workspace_root\repair_kom_audit_crosscheck.py",".py","4980","2026-06-09 23:47:53"
"03_reproducibility_scripts","03_reproducibility_scripts\workspace_root\run_prescription_llm_eval.py",".py","21788","2026-05-31 18:56:27"
"03_reproducibility_scripts","03_reproducibility_scripts\workspace_root\six_expert_api_evaluation.py",".py","34826","2026-06-03 13:38:03"
"03_reproducibility_scripts","03_reproducibility_scripts\workspace_root\verify_expert_blind_fill.py",".py","2949","2026-06-03 06:18:15"
"03_reproducibility_scripts","03_reproducibility_scripts\workspace_scripts\make_project_schematic_ppt.py",".py","26395","2026-06-02 16:25:55"
"03_reproducibility_scripts","03_reproducibility_scripts\workspace_tools\kom_pure_caseid_ablation_human_llm_update.py",".py","26130","2026-06-02 18:01:24"
"04_figures_methods_generation","04_figures_methods_generation\figure_audit\KOM_Figure_Deep_Optimization_Audit_Report_20260615.md",".md","3838","2026-06-15 15:29:46"
"04_figures_methods_generation","04_figures_methods_generation\figure_scripts\build_kom_figure_deep_optimization_20260615.py",".py","54642","2026-06-15 15:24:55"
"04_figures_methods_generation","04_figures_methods_generation\figure_source_data\A_series_Ablation_Trajectory_data_bacc_mean_dynamic_source.csv",".csv","97","2026-06-15 15:28:18"
"04_figures_methods_generation","04_figures_methods_generation\figure_source_data\A_series_Ablation_Trajectory_data_bacc_mean_zero_source.csv",".csv","97","2026-06-15 15:28:19"
"04_figures_methods_generation","04_figures_methods_generation\figure_source_data\A_series_Ablation_Trajectory_data_bacc_std_dynamic_source.csv",".csv","97","2026-06-15 15:28:19"
"04_figures_methods_generation","04_figures_methods_generation\figure_source_data\A_series_Ablation_Trajectory_data_bacc_std_zero_source.csv",".csv","97","2026-06-15 15:28:20"
"04_figures_methods_generation","04_figures_methods_generation\figure_source_data\A_series_Ablation_Trajectory_data_n_folds_dynamic_source.csv",".csv","61","2026-06-15 15:28:13"
"04_figures_methods_generation","04_figures_methods_generation\figure_source_data\A_series_Ablation_Trajectory_data_n_folds_zero_source.csv",".csv","61","2026-06-15 15:28:14"
"04_figures_methods_generation","04_figures_methods_generation\figure_source_data\A_series_Ablation_Trajectory_data_qwk_mean_dynamic_source.csv",".csv","96","2026-06-15 15:28:14"
"04_figures_methods_generation","04_figures_methods_generation\figure_source_data\A_series_Ablation_Trajectory_data_qwk_mean_zero_source.csv",".csv","96","2026-06-15 15:28:15"
"04_figures_methods_generation","04_figures_methods_generation\figure_source_data\A_series_Ablation_Trajectory_data_qwk_std_dynamic_source.csv",".csv","96","2026-06-15 15:28:16"
"04_figures_methods_generation","04_figures_methods_generation\figure_source_data\A_series_Ablation_Trajectory_data_qwk_std_zero_source.csv",".csv","96","2026-06-15 15:28:17"
"04_figures_methods_generation","04_figures_methods_generation\figure_source_data\Backbone_Preset_Comparison_Heatmap_data_bacc_mean_dynamic_source.csv",".csv","87","2026-06-15 15:28:26"
"04_figures_methods_generation","04_figures_methods_generation\figure_source_data\Backbone_Preset_Comparison_Heatmap_data_bacc_mean_zero_source.csv",".csv","87","2026-06-15 15:28:27"
"04_figures_methods_generation","04_figures_methods_generation\figure_source_data\Backbone_Preset_Comparison_Heatmap_data_bacc_std_dynamic_source.csv",".csv","86","2026-06-15 15:28:27"
"04_figures_methods_generation","04_figures_methods_generation\figure_source_data\Backbone_Preset_Comparison_Heatmap_data_bacc_std_zero_source.csv",".csv","86","2026-06-15 15:28:28"
"04_figures_methods_generation","04_figures_methods_generation\figure_source_data\Backbone_Preset_Comparison_Heatmap_data_n_folds_dynamic_source.csv",".csv","55","2026-06-15 15:28:21"
"04_figures_methods_generation","04_figures_methods_generation\figure_source_data\Backbone_Preset_Comparison_Heatmap_data_n_folds_zero_source.csv",".csv","55","2026-06-15 15:28:22"
"04_figures_methods_generation","04_figures_methods_generation\figure_source_data\Backbone_Preset_Comparison_Heatmap_data_qwk_mean_dynamic_source.csv",".csv","85","2026-06-15 15:28:23"
"04_figures_methods_generation","04_figures_methods_generation\figure_source_data\Backbone_Preset_Comparison_Heatmap_data_qwk_mean_zero_source.csv",".csv","85","2026-06-15 15:28:24"
"04_figures_methods_generation","04_figures_methods_generation\figure_source_data\Backbone_Preset_Comparison_Heatmap_data_qwk_std_dynamic_source.csv",".csv","85","2026-06-15 15:28:24"
"04_figures_methods_generation","04_figures_methods_generation\figure_source_data\Backbone_Preset_Comparison_Heatmap_data_qwk_std_zero_source.csv",".csv","85","2026-06-15 15:28:25"
"04_figures_methods_generation","04_figures_methods_generation\figure_source_data\Figure2a_reliability_A1_softmax_n_dynamic_source.csv",".csv","189","2026-06-15 15:28:31"
"04_figures_methods_generation","04_figures_methods_generation\figure_source_data\Figure2a_reliability_A1_softmax_n_zero_source.csv",".csv","189","2026-06-15 15:28:32"
"04_figures_methods_generation","04_figures_methods_generation\figure_source_data\Figure2a_reliability_A1_softmax_observed_accuracy_dynamic_source.csv",".csv","310","2026-06-15 15:28:29"
"04_figures_methods_generation","04_figures_methods_generation\figure_source_data\Figure2a_reliability_A1_softmax_observed_accuracy_zero_source.csv",".csv","310","2026-06-15 15:28:30"
"04_figures_methods_generation","04_figures_methods_generation\figure_source_data\Figure2a_reliability_A7_evidential_n_dynamic_source.csv",".csv","190","2026-06-15 15:28:35"
"04_figures_methods_generation","04_figures_methods_generation\figure_source_data\Figure2a_reliability_A7_evidential_n_zero_source.csv",".csv","190","2026-06-15 15:28:35"
"04_figures_methods_generation","04_figures_methods_generation\figure_source_data\Figure2a_reliability_A7_evidential_observed_accuracy_dynamic_source.csv",".csv","300","2026-06-15 15:28:33"
"04_figures_methods_generation","04_figures_methods_generation\figure_source_data\Figure2a_reliability_A7_evidential_observed_accuracy_zero_source.csv",".csv","300","2026-06-15 15:28:34"
"04_figures_methods_generation","04_figures_methods_generation\figure_source_data\Figure2b_selective_prediction_A1_softmax_accuracy_after_abstention_dynamic_source.csv",".csv","647","2026-06-15 15:28:37"
"04_figures_methods_generation","04_figures_methods_generation\figure_source_data\Figure2b_selective_prediction_A1_softmax_accuracy_after_abstention_zero_source.csv",".csv","647","2026-06-15 15:28:38"
"04_figures_methods_generation","04_figures_methods_generation\figure_source_data\Figure2b_selective_prediction_A7_evidential_accuracy_after_abstention_dynamic_source.csv",".csv","656","2026-06-15 15:28:40"
"04_figures_methods_generation","04_figures_methods_generation\figure_source_data\Figure2b_selective_prediction_A7_evidential_accuracy_after_abstention_zero_source.csv",".csv","656","2026-06-15 15:28:41"
"04_figures_methods_generation","04_figures_methods_generation\figure_source_data\hci_case_ai_influence_dynamic_source.csv",".csv","215","2026-06-15 15:27:40"
"04_figures_methods_generation","04_figures_methods_generation\figure_source_data\hci_case_ai_influence_zero_source.csv",".csv","215","2026-06-15 15:27:41"
"04_figures_methods_generation","04_figures_methods_generation\figure_source_data\hci_case_case_workload_dynamic_source.csv",".csv","274","2026-06-15 15:27:42"
"04_figures_methods_generation","04_figures_methods_generation\figure_source_data\hci_case_case_workload_zero_source.csv",".csv","274","2026-06-15 15:27:43"
"04_figures_methods_generation","04_figures_methods_generation\figure_source_data\hci_case_confidence_dynamic_source.csv",".csv","285","2026-06-15 15:27:44"
"04_figures_methods_generation","04_figures_methods_generation\figure_source_data\hci_case_confidence_zero_source.csv",".csv","285","2026-06-15 15:27:44"
"04_figures_methods_generation","04_figures_methods_generation\figure_source_data\hci_case_decision_certainty_dynamic_source.csv",".csv","306","2026-06-15 15:27:45"
"04_figures_methods_generation","04_figures_methods_generation\figure_source_data\hci_case_decision_certainty_zero_source.csv",".csv","306","2026-06-15 15:27:46"
"04_figures_methods_generation","04_figures_methods_generation\figure_source_data\hci_case_info_sufficiency_dynamic_source.csv",".csv","306","2026-06-15 15:27:47"
"04_figures_methods_generation","04_figures_methods_generation\figure_source_data\hci_case_info_sufficiency_zero_source.csv",".csv","306","2026-06-15 15:27:47"
"04_figures_methods_generation","04_figures_methods_generation\figure_source_data\hci_condition_same_direction_radar_source.csv",".csv","821","2026-06-15 15:27:49"
"04_figures_methods_generation","04_figures_methods_generation\figure_source_data\hci_final_survey_dynamic_source.csv",".csv","13584","2026-06-15 15:28:11"
"04_figures_methods_generation","04_figures_methods_generation\figure_source_data\hci_final_survey_zero_source.csv",".csv","13584","2026-06-15 15:28:12"
"04_figures_methods_generation","04_figures_methods_generation\figure_source_data\hci_process_ai_plan_view_count_dynamic_source.csv",".csv","139","2026-06-15 15:27:56"
"04_figures_methods_generation","04_figures_methods_generation\figure_source_data\hci_process_ai_plan_view_count_zero_source.csv",".csv","139","2026-06-15 15:27:57"
"04_figures_methods_generation","04_figures_methods_generation\figure_source_data\hci_process_autosave_count_dynamic_source.csv",".csv","179","2026-06-15 15:27:51"
"04_figures_methods_generation","04_figures_methods_generation\figure_source_data\hci_process_autosave_count_zero_source.csv",".csv","179","2026-06-15 15:27:52"
"04_figures_methods_generation","04_figures_methods_generation\figure_source_data\hci_process_copy_ai_count_dynamic_source.csv",".csv","147","2026-06-15 15:28:01"
"04_figures_methods_generation","04_figures_methods_generation\figure_source_data\hci_process_copy_ai_count_zero_source.csv",".csv","147","2026-06-15 15:28:01"
"04_figures_methods_generation","04_figures_methods_generation\figure_source_data\hci_process_edit_time_sec_dynamic_source.csv",".csv","193","2026-06-15 15:27:50"
"04_figures_methods_generation","04_figures_methods_generation\figure_source_data\hci_process_edit_time_sec_zero_source.csv",".csv","193","2026-06-15 15:27:50"
"04_figures_methods_generation","04_figures_methods_generation\figure_source_data\hci_process_evidence_view_count_dynamic_source.csv",".csv","121","2026-06-15 15:27:59"
"04_figures_methods_generation","04_figures_methods_generation\figure_source_data\hci_process_evidence_view_count_zero_source.csv",".csv","121","2026-06-15 15:28:00"
"04_figures_methods_generation","04_figures_methods_generation\figure_source_data\hci_process_manual_save_count_dynamic_source.csv",".csv","174","2026-06-15 15:27:52"
"04_figures_methods_generation","04_figures_methods_generation\figure_source_data\hci_process_manual_save_count_zero_source.csv",".csv","174","2026-06-15 15:27:53"
"04_figures_methods_generation","04_figures_methods_generation\figure_source_data\hci_process_mdt_view_count_dynamic_source.csv",".csv","121","2026-06-15 15:27:57"
"04_figures_methods_generation","04_figures_methods_generation\figure_source_data\hci_process_mdt_view_count_zero_source.csv",".csv","121","2026-06-15 15:27:58"
"04_figures_methods_generation","04_figures_methods_generation\figure_source_data\hci_process_patient_view_count_dynamic_source.csv",".csv","203","2026-06-15 15:27:54"
"04_figures_methods_generation","04_figures_methods_generation\figure_source_data\hci_process_patient_view_count_zero_source.csv",".csv","203","2026-06-15 15:27:55"
"04_figures_methods_generation","04_figures_methods_generation\figure_source_data\hci_workload_effort_dynamic_source.csv",".csv","232","2026-06-15 15:28:02"
"04_figures_methods_generation","04_figures_methods_generation\figure_source_data\hci_workload_effort_zero_source.csv",".csv","232","2026-06-15 15:28:03"
"04_figures_methods_generation","04_figures_methods_generation\figure_source_data\hci_workload_frustration_dynamic_source.csv",".csv","280","2026-06-15 15:28:04"
"04_figures_methods_generation","04_figures_methods_generation\figure_source_data\hci_workload_frustration_zero_source.csv",".csv","280","2026-06-15 15:28:04"
"04_figures_methods_generation","04_figures_methods_generation\figure_source_data\hci_workload_mental_demand_dynamic_source.csv",".csv","282","2026-06-15 15:28:05"
"04_figures_methods_generation","04_figures_methods_generation\figure_source_data\hci_workload_mental_demand_zero_source.csv",".csv","282","2026-06-15 15:28:06"
"04_figures_methods_generation","04_figures_methods_generation\figure_source_data\hci_workload_operation_fatigue_dynamic_source.csv",".csv","282","2026-06-15 15:28:06"
"04_figures_methods_generation","04_figures_methods_generation\figure_source_data\hci_workload_operation_fatigue_zero_source.csv",".csv","282","2026-06-15 15:28:07"
"04_figures_methods_generation","04_figures_methods_generation\figure_source_data\hci_workload_quality_pressure_dynamic_source.csv",".csv","308","2026-06-15 15:28:08"
"04_figures_methods_generation","04_figures_methods_generation\figure_source_data\hci_workload_quality_pressure_zero_source.csv",".csv","308","2026-06-15 15:28:09"
"04_figures_methods_generation","04_figures_methods_generation\figure_source_data\hci_workload_time_pressure_dynamic_source.csv",".csv","287","2026-06-15 15:28:09"
"04_figures_methods_generation","04_figures_methods_generation\figure_source_data\hci_workload_time_pressure_zero_source.csv",".csv","287","2026-06-15 15:28:10"
"04_figures_methods_generation","04_figures_methods_generation\figure_source_data\kom_graph_rag_pipeline_clean_notitle_source.csv",".csv","684","2026-06-15 15:29:19"
"04_figures_methods_generation","04_figures_methods_generation\figure_source_data\komrisk_KL_Progression_AUPRC_dynamic_source.csv",".csv","158","2026-06-15 15:26:58"
"04_figures_methods_generation","04_figures_methods_generation\figure_source_data\komrisk_KL_Progression_AUPRC_zero_source.csv",".csv","158","2026-06-15 15:26:58"
"04_figures_methods_generation","04_figures_methods_generation\figure_source_data\komrisk_KL_Progression_AUROC_dynamic_source.csv",".csv","370","2026-06-15 15:26:54"
"04_figures_methods_generation","04_figures_methods_generation\figure_source_data\komrisk_KL_Progression_AUROC_zero_source.csv",".csv","370","2026-06-15 15:26:54"
"04_figures_methods_generation","04_figures_methods_generation\figure_source_data\komrisk_KL_Progression_Brier_dynamic_source.csv",".csv","370","2026-06-15 15:27:02"
"04_figures_methods_generation","04_figures_methods_generation\figure_source_data\komrisk_KL_Progression_Brier_zero_source.csv",".csv","370","2026-06-15 15:27:03"
"04_figures_methods_generation","04_figures_methods_generation\figure_source_data\komrisk_KL_progression_f1_threshold_curve_zero_source.csv",".csv","5054","2026-06-15 15:27:32"
"04_figures_methods_generation","04_figures_methods_generation\figure_source_data\komrisk_KL_progression_flag_rate_threshold_curve_zero_source.csv",".csv","5054","2026-06-15 15:27:33"
"04_figures_methods_generation","04_figures_methods_generation\figure_source_data\komrisk_KL_progression_model_same_direction_radar_source.csv",".csv","1062","2026-06-15 15:27:13"
"04_figures_methods_generation","04_figures_methods_generation\figure_source_data\komrisk_KL_Progression_N_features_dynamic_source.csv",".csv","370","2026-06-15 15:27:08"
"04_figures_methods_generation","04_figures_methods_generation\figure_source_data\komrisk_KL_Progression_N_features_zero_source.csv",".csv","370","2026-06-15 15:27:09"
"04_figures_methods_generation","04_figures_methods_generation\figure_source_data\komrisk_KL_progression_npv_threshold_curve_zero_source.csv",".csv","5054","2026-06-15 15:27:32"
"04_figures_methods_generation","04_figures_methods_generation\figure_source_data\komrisk_KL_progression_ppv_threshold_curve_zero_source.csv",".csv","5054","2026-06-15 15:27:31"
"04_figures_methods_generation","04_figures_methods_generation\figure_source_data\komrisk_KL_progression_sensitivity_threshold_curve_zero_source.csv",".csv","5054","2026-06-15 15:27:28"
"04_figures_methods_generation","04_figures_methods_generation\figure_source_data\komrisk_KL_progression_shap_top15_dynamic_source.csv",".csv","692","2026-06-15 15:27:15"
"04_figures_methods_generation","04_figures_methods_generation\figure_source_data\komrisk_KL_progression_shap_top15_zero_source.csv",".csv","692","2026-06-15 15:27:17"
"04_figures_methods_generation","04_figures_methods_generation\figure_source_data\komrisk_KL_progression_specificity_threshold_curve_zero_source.csv",".csv","5054","2026-06-15 15:27:29"
"04_figures_methods_generation","04_figures_methods_generation\figure_source_data\komrisk_TKR_AUPRC_dynamic_source.csv",".csv","147","2026-06-15 15:26:57"
"04_figures_methods_generation","04_figures_methods_generation\figure_source_data\komrisk_TKR_AUPRC_zero_source.csv",".csv","147","2026-06-15 15:26:57"
"04_figures_methods_generation","04_figures_methods_generation\figure_source_data\komrisk_TKR_AUROC_dynamic_source.csv",".csv","327","2026-06-15 15:26:52"
"04_figures_methods_generation","04_figures_methods_generation\figure_source_data\komrisk_TKR_AUROC_zero_source.csv",".csv","327","2026-06-15 15:26:53"
"04_figures_methods_generation","04_figures_methods_generation\figure_source_data\komrisk_TKR_Brier_dynamic_source.csv",".csv","327","2026-06-15 15:27:01"
"04_figures_methods_generation","04_figures_methods_generation\figure_source_data\komrisk_TKR_Brier_zero_source.csv",".csv","327","2026-06-15 15:27:02"
"04_figures_methods_generation","04_figures_methods_generation\figure_source_data\komrisk_TKR_f1_threshold_curve_zero_source.csv",".csv","4724","2026-06-15 15:27:26"
"04_figures_methods_generation","04_figures_methods_generation\figure_source_data\komrisk_TKR_flag_rate_threshold_curve_zero_source.csv",".csv","4724","2026-06-15 15:27:27"
"04_figures_methods_generation","04_figures_methods_generation\figure_source_data\komrisk_TKR_model_same_direction_radar_source.csv",".csv","1064","2026-06-15 15:27:12"
"04_figures_methods_generation","04_figures_methods_generation\figure_source_data\komrisk_TKR_N_features_dynamic_source.csv",".csv","327","2026-06-15 15:27:06"
"04_figures_methods_generation","04_figures_methods_generation\figure_source_data\komrisk_TKR_N_features_zero_source.csv",".csv","327","2026-06-15 15:27:07"
"04_figures_methods_generation","04_figures_methods_generation\figure_source_data\komrisk_TKR_npv_threshold_curve_zero_source.csv",".csv","4724","2026-06-15 15:27:25"
"04_figures_methods_generation","04_figures_methods_generation\figure_source_data\komrisk_TKR_ppv_threshold_curve_zero_source.csv",".csv","4724","2026-06-15 15:27:24"
"04_figures_methods_generation","04_figures_methods_generation\figure_source_data\komrisk_TKR_sensitivity_threshold_curve_zero_source.csv",".csv","4724","2026-06-15 15:27:22"
"04_figures_methods_generation","04_figures_methods_generation\figure_source_data\komrisk_TKR_shap_top15_dynamic_source.csv",".csv","525","2026-06-15 15:27:18"
"04_figures_methods_generation","04_figures_methods_generation\figure_source_data\komrisk_TKR_shap_top15_zero_source.csv",".csv","525","2026-06-15 15:27:19"
"04_figures_methods_generation","04_figures_methods_generation\figure_source_data\komrisk_TKR_specificity_threshold_curve_zero_source.csv",".csv","4724","2026-06-15 15:27:23"
"04_figures_methods_generation","04_figures_methods_generation\figure_source_data\komrisk_WOMAC_Pain_AUPRC_dynamic_source.csv",".csv","154","2026-06-15 15:26:59"
"04_figures_methods_generation","04_figures_methods_generation\figure_source_data\komrisk_WOMAC_Pain_AUPRC_zero_source.csv",".csv","154","2026-06-15 15:27:00"
"04_figures_methods_generation","04_figures_methods_generation\figure_source_data\komrisk_WOMAC_Pain_AUROC_dynamic_source.csv",".csv","356","2026-06-15 15:26:55"
"04_figures_methods_generation","04_figures_methods_generation\figure_source_data\komrisk_WOMAC_Pain_AUROC_zero_source.csv",".csv","356","2026-06-15 15:26:56"
"04_figures_methods_generation","04_figures_methods_generation\figure_source_data\komrisk_WOMAC_Pain_Brier_dynamic_source.csv",".csv","356","2026-06-15 15:27:04"
"04_figures_methods_generation","04_figures_methods_generation\figure_source_data\komrisk_WOMAC_Pain_Brier_zero_source.csv",".csv","356","2026-06-15 15:27:05"
"04_figures_methods_generation","04_figures_methods_generation\figure_source_data\komrisk_WOMAC_pain_f1_threshold_curve_zero_source.csv",".csv","4922","2026-06-15 15:27:39"
"04_figures_methods_generation","04_figures_methods_generation\figure_source_data\komrisk_WOMAC_pain_flag_rate_threshold_curve_zero_source.csv",".csv","4922","2026-06-15 15:27:40"
"04_figures_methods_generation","04_figures_methods_generation\figure_source_data\komrisk_WOMAC_pain_model_same_direction_radar_source.csv",".csv","1079","2026-06-15 15:27:14"
"04_figures_methods_generation","04_figures_methods_generation\figure_source_data\komrisk_WOMAC_Pain_N_features_dynamic_source.csv",".csv","356","2026-06-15 15:27:09"
"04_figures_methods_generation","04_figures_methods_generation\figure_source_data\komrisk_WOMAC_Pain_N_features_zero_source.csv",".csv","356","2026-06-15 15:27:10"
"04_figures_methods_generation","04_figures_methods_generation\figure_source_data\komrisk_WOMAC_pain_npv_threshold_curve_zero_source.csv",".csv","4922","2026-06-15 15:27:37"
"04_figures_methods_generation","04_figures_methods_generation\figure_source_data\komrisk_WOMAC_pain_ppv_threshold_curve_zero_source.csv",".csv","4922","2026-06-15 15:27:36"
"04_figures_methods_generation","04_figures_methods_generation\figure_source_data\komrisk_WOMAC_pain_sensitivity_threshold_curve_zero_source.csv",".csv","4922","2026-06-15 15:27:35"
"04_figures_methods_generation","04_figures_methods_generation\figure_source_data\komrisk_WOMAC_pain_shap_top15_dynamic_source.csv",".csv","729","2026-06-15 15:27:20"
"04_figures_methods_generation","04_figures_methods_generation\figure_source_data\komrisk_WOMAC_pain_shap_top15_zero_source.csv",".csv","729","2026-06-15 15:27:21"
"04_figures_methods_generation","04_figures_methods_generation\figure_source_data\komrisk_WOMAC_pain_specificity_threshold_curve_zero_source.csv",".csv","4922","2026-06-15 15:27:35"
"04_figures_methods_generation","04_figures_methods_generation\figure_source_data\oaknet_A_series_time_training_curve_dynamic_source.csv",".csv","16491","2026-06-15 15:26:46"
"04_figures_methods_generation","04_figures_methods_generation\figure_source_data\oaknet_A_series_time_training_curve_zero_source.csv",".csv","16491","2026-06-15 15:26:47"
"04_figures_methods_generation","04_figures_methods_generation\figure_source_data\oaknet_B_series_time_training_curve_dynamic_source.csv",".csv","11540","2026-06-15 15:26:49"
"04_figures_methods_generation","04_figures_methods_generation\figure_source_data\oaknet_B_series_time_training_curve_zero_source.csv",".csv","11540","2026-06-15 15:26:50"
"04_figures_methods_generation","04_figures_methods_generation\figure_source_data\oaknet_external_A_series_same_direction_radar_source.csv",".csv","3201","2026-06-15 15:25:18"
"04_figures_methods_generation","04_figures_methods_generation\figure_source_data\oaknet_external_abst_auroc_dynamic_source.csv",".csv","605","2026-06-15 15:25:44"
"04_figures_methods_generation","04_figures_methods_generation\figure_source_data\oaknet_external_abst_auroc_zero_source.csv",".csv","605","2026-06-15 15:25:45"
"04_figures_methods_generation","04_figures_methods_generation\figure_source_data\oaknet_external_acc_dynamic_source.csv",".csv","590","2026-06-15 15:25:23"
"04_figures_methods_generation","04_figures_methods_generation\figure_source_data\oaknet_external_acc_zero_source.csv",".csv","590","2026-06-15 15:25:25"
"04_figures_methods_generation","04_figures_methods_generation\figure_source_data\oaknet_external_all_model_same_direction_radar_source.csv",".csv","5189","2026-06-15 15:25:16"
"04_figures_methods_generation","04_figures_methods_generation\figure_source_data\oaknet_external_aurc_dynamic_source.csv",".csv","604","2026-06-15 15:25:42"
"04_figures_methods_generation","04_figures_methods_generation\figure_source_data\oaknet_external_aurc_zero_source.csv",".csv","604","2026-06-15 15:25:43"
"04_figures_methods_generation","04_figures_methods_generation\figure_source_data\oaknet_external_B_series_same_direction_radar_source.csv",".csv","2334","2026-06-15 15:25:20"
"04_figures_methods_generation","04_figures_methods_generation\figure_source_data\oaknet_external_bacc_dynamic_source.csv",".csv","591","2026-06-15 15:25:26"
"04_figures_methods_generation","04_figures_methods_generation\figure_source_data\oaknet_external_bacc_zero_source.csv",".csv","591","2026-06-15 15:25:27"
"04_figures_methods_generation","04_figures_methods_generation\figure_source_data\oaknet_external_brier_dynamic_source.csv",".csv","596","2026-06-15 15:25:35"
"04_figures_methods_generation","04_figures_methods_generation\figure_source_data\oaknet_external_brier_zero_source.csv",".csv","596","2026-06-15 15:25:36"
"04_figures_methods_generation","04_figures_methods_generation\figure_source_data\oaknet_external_ece_dynamic_source.csv",".csv","599","2026-06-15 15:25:33"
"04_figures_methods_generation","04_figures_methods_generation\figure_source_data\oaknet_external_ece_zero_source.csv",".csv","599","2026-06-15 15:25:34"
"04_figures_methods_generation","04_figures_methods_generation\figure_source_data\oaknet_external_f1_macro_dynamic_source.csv",".csv","598","2026-06-15 15:25:28"
"04_figures_methods_generation","04_figures_methods_generation\figure_source_data\oaknet_external_f1_macro_zero_source.csv",".csv","598","2026-06-15 15:25:29"
"04_figures_methods_generation","04_figures_methods_generation\figure_source_data\oaknet_external_mae_dynamic_source.csv",".csv","598","2026-06-15 15:25:31"
"04_figures_methods_generation","04_figures_methods_generation\figure_source_data\oaknet_external_mae_zero_source.csv",".csv","598","2026-06-15 15:25:32"
"04_figures_methods_generation","04_figures_methods_generation\figure_source_data\oaknet_external_qwk_dynamic_source.csv",".csv","587","2026-06-15 15:25:21"
"04_figures_methods_generation","04_figures_methods_generation\figure_source_data\oaknet_external_qwk_zero_source.csv",".csv","587","2026-06-15 15:25:22"
"04_figures_methods_generation","04_figures_methods_generation\figure_source_data\oaknet_external_sel_acc_80_dynamic_source.csv",".csv","607","2026-06-15 15:25:38"
"04_figures_methods_generation","04_figures_methods_generation\figure_source_data\oaknet_external_sel_acc_80_zero_source.csv",".csv","607","2026-06-15 15:25:39"
"04_figures_methods_generation","04_figures_methods_generation\figure_source_data\oaknet_external_sel_acc_90_dynamic_source.csv",".csv","606","2026-06-15 15:25:40"
"04_figures_methods_generation","04_figures_methods_generation\figure_source_data\oaknet_external_sel_acc_90_zero_source.csv",".csv","606","2026-06-15 15:25:41"
"04_figures_methods_generation","04_figures_methods_generation\figure_source_data\oaknet_internal_A_series_same_direction_radar_source.csv",".csv","3076","2026-06-15 15:25:49"
"04_figures_methods_generation","04_figures_methods_generation\figure_source_data\oaknet_internal_abst_auroc_dynamic_source.csv",".csv","603","2026-06-15 15:26:14"
"04_figures_methods_generation","04_figures_methods_generation\figure_source_data\oaknet_internal_abst_auroc_zero_source.csv",".csv","603","2026-06-15 15:26:15"
"04_figures_methods_generation","04_figures_methods_generation\figure_source_data\oaknet_internal_acc_dynamic_source.csv",".csv","476","2026-06-15 15:25:54"
"04_figures_methods_generation","04_figures_methods_generation\figure_source_data\oaknet_internal_acc_zero_source.csv",".csv","476","2026-06-15 15:25:55"
"04_figures_methods_generation","04_figures_methods_generation\figure_source_data\oaknet_internal_all_model_same_direction_radar_source.csv",".csv","5051","2026-06-15 15:25:47"
"04_figures_methods_generation","04_figures_methods_generation\figure_source_data\oaknet_internal_aurc_dynamic_source.csv",".csv","604","2026-06-15 15:26:12"
"04_figures_methods_generation","04_figures_methods_generation\figure_source_data\oaknet_internal_aurc_zero_source.csv",".csv","604","2026-06-15 15:26:13"
"04_figures_methods_generation","04_figures_methods_generation\figure_source_data\oaknet_internal_B_series_same_direction_radar_source.csv",".csv","2321","2026-06-15 15:25:51"
"04_figures_methods_generation","04_figures_methods_generation\figure_source_data\oaknet_internal_bacc_dynamic_source.csv",".csv","592","2026-06-15 15:25:57"
"04_figures_methods_generation","04_figures_methods_generation\figure_source_data\oaknet_internal_bacc_zero_source.csv",".csv","592","2026-06-15 15:25:58"
"04_figures_methods_generation","04_figures_methods_generation\figure_source_data\oaknet_internal_brier_dynamic_source.csv",".csv","597","2026-06-15 15:26:06"
"04_figures_methods_generation","04_figures_methods_generation\figure_source_data\oaknet_internal_brier_zero_source.csv",".csv","597","2026-06-15 15:26:07"
"04_figures_methods_generation","04_figures_methods_generation\figure_source_data\oaknet_internal_ece_dynamic_source.csv",".csv","600","2026-06-15 15:26:04"
"04_figures_methods_generation","04_figures_methods_generation\figure_source_data\oaknet_internal_ece_zero_source.csv",".csv","600","2026-06-15 15:26:05"
"04_figures_methods_generation","04_figures_methods_generation\figure_source_data\oaknet_internal_f1_macro_dynamic_source.csv",".csv","597","2026-06-15 15:25:59"
"04_figures_methods_generation","04_figures_methods_generation\figure_source_data\oaknet_internal_f1_macro_zero_source.csv",".csv","597","2026-06-15 15:26:00"
"04_figures_methods_generation","04_figures_methods_generation\figure_source_data\oaknet_internal_mae_dynamic_source.csv",".csv","553","2026-06-15 15:26:02"
"04_figures_methods_generation","04_figures_methods_generation\figure_source_data\oaknet_internal_mae_zero_source.csv",".csv","553","2026-06-15 15:26:03"
"04_figures_methods_generation","04_figures_methods_generation\figure_source_data\oaknet_internal_qwk_dynamic_source.csv",".csv","584","2026-06-15 15:25:52"
"04_figures_methods_generation","04_figures_methods_generation\figure_source_data\oaknet_internal_qwk_zero_source.csv",".csv","584","2026-06-15 15:25:53"
"04_figures_methods_generation","04_figures_methods_generation\figure_source_data\oaknet_internal_sel_acc_80_dynamic_source.csv",".csv","509","2026-06-15 15:26:08"
"04_figures_methods_generation","04_figures_methods_generation\figure_source_data\oaknet_internal_sel_acc_80_zero_source.csv",".csv","509","2026-06-15 15:26:09"
"04_figures_methods_generation","04_figures_methods_generation\figure_source_data\oaknet_internal_sel_acc_90_dynamic_source.csv",".csv","584","2026-06-15 15:26:10"
"04_figures_methods_generation","04_figures_methods_generation\figure_source_data\oaknet_internal_sel_acc_90_zero_source.csv",".csv","584","2026-06-15 15:26:11"
"04_figures_methods_generation","04_figures_methods_generation\figure_source_data\oaknet_metrics_inventory_used.csv",".csv","218057","2026-06-15 15:25:14"
"04_figures_methods_generation","04_figures_methods_generation\figure_source_data\oaknet_training_history_long.csv",".csv","9455632","2026-06-15 15:26:45"
"04_figures_methods_generation","04_figures_methods_generation\figure_source_data\oaknet_val_A_series_same_direction_radar_source.csv",".csv","3204","2026-06-15 15:26:19"
"04_figures_methods_generation","04_figures_methods_generation\figure_source_data\oaknet_val_abst_auroc_dynamic_source.csv",".csv","603","2026-06-15 15:26:43"
"04_figures_methods_generation","04_figures_methods_generation\figure_source_data\oaknet_val_abst_auroc_zero_source.csv",".csv","603","2026-06-15 15:26:44"
"04_figures_methods_generation","04_figures_methods_generation\figure_source_data\oaknet_val_acc_dynamic_source.csv",".csv","587","2026-06-15 15:26:24"
"04_figures_methods_generation","04_figures_methods_generation\figure_source_data\oaknet_val_acc_zero_source.csv",".csv","587","2026-06-15 15:26:25"
"04_figures_methods_generation","04_figures_methods_generation\figure_source_data\oaknet_val_all_model_same_direction_radar_source.csv",".csv","5178","2026-06-15 15:26:17"
"04_figures_methods_generation","04_figures_methods_generation\figure_source_data\oaknet_val_aurc_dynamic_source.csv",".csv","601","2026-06-15 15:26:41"
"04_figures_methods_generation","04_figures_methods_generation\figure_source_data\oaknet_val_aurc_zero_source.csv",".csv","601","2026-06-15 15:26:42"
"04_figures_methods_generation","04_figures_methods_generation\figure_source_data\oaknet_val_B_series_same_direction_radar_source.csv",".csv","2320","2026-06-15 15:26:21"
"04_figures_methods_generation","04_figures_methods_generation\figure_source_data\oaknet_val_bacc_dynamic_source.csv",".csv","589","2026-06-15 15:26:26"
"04_figures_methods_generation","04_figures_methods_generation\figure_source_data\oaknet_val_bacc_zero_source.csv",".csv","589","2026-06-15 15:26:27"
"04_figures_methods_generation","04_figures_methods_generation\figure_source_data\oaknet_val_brier_dynamic_source.csv",".csv","592","2026-06-15 15:26:35"
"04_figures_methods_generation","04_figures_methods_generation\figure_source_data\oaknet_val_brier_zero_source.csv",".csv","592","2026-06-15 15:26:36"
"04_figures_methods_generation","04_figures_methods_generation\figure_source_data\oaknet_val_ece_dynamic_source.csv",".csv","598","2026-06-15 15:26:32"
"04_figures_methods_generation","04_figures_methods_generation\figure_source_data\oaknet_val_ece_zero_source.csv",".csv","598","2026-06-15 15:26:34"
"04_figures_methods_generation","04_figures_methods_generation\figure_source_data\oaknet_val_f1_macro_dynamic_source.csv",".csv","598","2026-06-15 15:26:28"
"04_figures_methods_generation","04_figures_methods_generation\figure_source_data\oaknet_val_f1_macro_zero_source.csv",".csv","598","2026-06-15 15:26:29"
"04_figures_methods_generation","04_figures_methods_generation\figure_source_data\oaknet_val_mae_dynamic_source.csv",".csv","593","2026-06-15 15:26:30"
"04_figures_methods_generation","04_figures_methods_generation\figure_source_data\oaknet_val_mae_zero_source.csv",".csv","593","2026-06-15 15:26:31"
"04_figures_methods_generation","04_figures_methods_generation\figure_source_data\oaknet_val_qwk_dynamic_source.csv",".csv","590","2026-06-15 15:26:22"
"04_figures_methods_generation","04_figures_methods_generation\figure_source_data\oaknet_val_qwk_zero_source.csv",".csv","590","2026-06-15 15:26:23"
"04_figures_methods_generation","04_figures_methods_generation\figure_source_data\oaknet_val_sel_acc_80_dynamic_source.csv",".csv","604","2026-06-15 15:26:37"
"04_figures_methods_generation","04_figures_methods_generation\figure_source_data\oaknet_val_sel_acc_80_zero_source.csv",".csv","604","2026-06-15 15:26:38"
"04_figures_methods_generation","04_figures_methods_generation\figure_source_data\oaknet_val_sel_acc_90_dynamic_source.csv",".csv","602","2026-06-15 15:26:39"
"04_figures_methods_generation","04_figures_methods_generation\figure_source_data\oaknet_val_sel_acc_90_zero_source.csv",".csv","602","2026-06-15 15:26:40"
"04_figures_methods_generation","04_figures_methods_generation\figure_source_data\TabS3-1_Backbone_comparison_bacc_mean_dynamic_source.csv",".csv","87","2026-06-15 15:28:46"
"04_figures_methods_generation","04_figures_methods_generation\figure_source_data\TabS3-1_Backbone_comparison_bacc_mean_zero_source.csv",".csv","87","2026-06-15 15:28:47"
"04_figures_methods_generation","04_figures_methods_generation\figure_source_data\TabS3-1_Backbone_comparison_bacc_std_dynamic_source.csv",".csv","86","2026-06-15 15:28:48"
"04_figures_methods_generation","04_figures_methods_generation\figure_source_data\TabS3-1_Backbone_comparison_bacc_std_zero_source.csv",".csv","86","2026-06-15 15:28:49"
"04_figures_methods_generation","04_figures_methods_generation\figure_source_data\TabS3-1_Backbone_comparison_n_folds_dynamic_source.csv",".csv","55","2026-06-15 15:28:42"
"04_figures_methods_generation","04_figures_methods_generation\figure_source_data\TabS3-1_Backbone_comparison_n_folds_zero_source.csv",".csv","55","2026-06-15 15:28:43"
"04_figures_methods_generation","04_figures_methods_generation\figure_source_data\TabS3-1_Backbone_comparison_qwk_mean_dynamic_source.csv",".csv","85","2026-06-15 15:28:43"
"04_figures_methods_generation","04_figures_methods_generation\figure_source_data\TabS3-1_Backbone_comparison_qwk_mean_zero_source.csv",".csv","85","2026-06-15 15:28:44"
"04_figures_methods_generation","04_figures_methods_generation\figure_source_data\TabS3-1_Backbone_comparison_qwk_std_dynamic_source.csv",".csv","85","2026-06-15 15:28:45"
"04_figures_methods_generation","04_figures_methods_generation\figure_source_data\TabS3-1_Backbone_comparison_qwk_std_zero_source.csv",".csv","85","2026-06-15 15:28:46"
"04_figures_methods_generation","04_figures_methods_generation\figure_source_data\TabS3-2_A_series_ablation_external_A_bacc_mean_dynamic_source.csv",".csv","97","2026-06-15 15:29:02"
"04_figures_methods_generation","04_figures_methods_generation\figure_source_data\TabS3-2_A_series_ablation_external_A_bacc_mean_zero_source.csv",".csv","97","2026-06-15 15:29:03"
"04_figures_methods_generation","04_figures_methods_generation\figure_source_data\TabS3-2_A_series_ablation_external_A_bacc_std_dynamic_source.csv",".csv","97","2026-06-15 15:29:03"
"04_figures_methods_generation","04_figures_methods_generation\figure_source_data\TabS3-2_A_series_ablation_external_A_bacc_std_zero_source.csv",".csv","97","2026-06-15 15:29:04"
"04_figures_methods_generation","04_figures_methods_generation\figure_source_data\TabS3-2_A_series_ablation_external_A_n_folds_dynamic_source.csv",".csv","61","2026-06-15 15:28:57"
"04_figures_methods_generation","04_figures_methods_generation\figure_source_data\TabS3-2_A_series_ablation_external_A_n_folds_zero_source.csv",".csv","61","2026-06-15 15:28:58"
"04_figures_methods_generation","04_figures_methods_generation\figure_source_data\TabS3-2_A_series_ablation_external_A_qwk_mean_dynamic_source.csv",".csv","96","2026-06-15 15:28:59"
"04_figures_methods_generation","04_figures_methods_generation\figure_source_data\TabS3-2_A_series_ablation_external_A_qwk_mean_zero_source.csv",".csv","96","2026-06-15 15:29:00"
"04_figures_methods_generation","04_figures_methods_generation\figure_source_data\TabS3-2_A_series_ablation_external_A_qwk_std_dynamic_source.csv",".csv","96","2026-06-15 15:29:00"
"04_figures_methods_generation","04_figures_methods_generation\figure_source_data\TabS3-2_A_series_ablation_external_A_qwk_std_zero_source.csv",".csv","96","2026-06-15 15:29:01"
"04_figures_methods_generation","04_figures_methods_generation\figure_source_data\TabS3-2b_A_series_ablation_internal_A_bacc_mean_dynamic_source.csv",".csv","98","2026-06-15 15:28:54"
"04_figures_methods_generation","04_figures_methods_generation\figure_source_data\TabS3-2b_A_series_ablation_internal_A_bacc_mean_zero_source.csv",".csv","98","2026-06-15 15:28:55"
"04_figures_methods_generation","04_figures_methods_generation\figure_source_data\TabS3-2b_A_series_ablation_internal_A_bacc_std_dynamic_source.csv",".csv","95","2026-06-15 15:28:56"
"04_figures_methods_generation","04_figures_methods_generation\figure_source_data\TabS3-2b_A_series_ablation_internal_A_bacc_std_zero_source.csv",".csv","95","2026-06-15 15:28:57"
"04_figures_methods_generation","04_figures_methods_generation\figure_source_data\TabS3-2b_A_series_ablation_internal_A_n_folds_dynamic_source.csv",".csv","61","2026-06-15 15:28:49"
"04_figures_methods_generation","04_figures_methods_generation\figure_source_data\TabS3-2b_A_series_ablation_internal_A_n_folds_zero_source.csv",".csv","61","2026-06-15 15:28:50"
"04_figures_methods_generation","04_figures_methods_generation\figure_source_data\TabS3-2b_A_series_ablation_internal_A_qwk_mean_dynamic_source.csv",".csv","97","2026-06-15 15:28:51"
"04_figures_methods_generation","04_figures_methods_generation\figure_source_data\TabS3-2b_A_series_ablation_internal_A_qwk_mean_zero_source.csv",".csv","97","2026-06-15 15:28:52"
"04_figures_methods_generation","04_figures_methods_generation\figure_source_data\TabS3-2b_A_series_ablation_internal_A_qwk_std_dynamic_source.csv",".csv","96","2026-06-15 15:28:53"
"04_figures_methods_generation","04_figures_methods_generation\figure_source_data\TabS3-2b_A_series_ablation_internal_A_qwk_std_zero_source.csv",".csv","96","2026-06-15 15:28:53"
"04_figures_methods_generation","04_figures_methods_generation\figure_source_data\TabS3-3_Paired_significance_delta_qwk_dynamic_source.csv",".csv","144","2026-06-15 15:29:16"
"04_figures_methods_generation","04_figures_methods_generation\figure_source_data\TabS3-3_Paired_significance_delta_qwk_zero_source.csv",".csv","144","2026-06-15 15:29:17"
"04_figures_methods_generation","04_figures_methods_generation\figure_source_data\TabS3-3_Paired_significance_n_folds_dynamic_source.csv",".csv","107","2026-06-15 15:29:17"
"04_figures_methods_generation","04_figures_methods_generation\figure_source_data\TabS3-3_Paired_significance_n_folds_zero_source.csv",".csv","107","2026-06-15 15:29:18"
"04_figures_methods_generation","04_figures_methods_generation\figure_source_data\TabS3-4_Training_cost_best_epoch_dynamic_source.csv",".csv","197","2026-06-15 15:29:08"
"04_figures_methods_generation","04_figures_methods_generation\figure_source_data\TabS3-4_Training_cost_best_epoch_zero_source.csv",".csv","197","2026-06-15 15:29:09"
"04_figures_methods_generation","04_figures_methods_generation\figure_source_data\TabS3-4_Training_cost_fold_dynamic_source.csv",".csv","166","2026-06-15 15:29:05"
"04_figures_methods_generation","04_figures_methods_generation\figure_source_data\TabS3-4_Training_cost_fold_zero_source.csv",".csv","166","2026-06-15 15:29:07"
"04_figures_methods_generation","04_figures_methods_generation\figure_source_data\TabS3-4_Training_cost_gpu_gb_dynamic_source.csv",".csv","243","2026-06-15 15:29:14"
"04_figures_methods_generation","04_figures_methods_generation\figure_source_data\TabS3-4_Training_cost_gpu_gb_zero_source.csv",".csv","243","2026-06-15 15:29:15"
"04_figures_methods_generation","04_figures_methods_generation\figure_source_data\TabS3-4_Training_cost_time_h_dynamic_source.csv",".csv","242","2026-06-15 15:29:11"
"04_figures_methods_generation","04_figures_methods_generation\figure_source_data\TabS3-4_Training_cost_time_h_zero_source.csv",".csv","242","2026-06-15 15:29:12"
"04_figures_methods_generation","04_figures_methods_generation\figure_tables\KOM_Figure_Deep_Optimization_Master_Table_20260615.xlsx",".xlsx","20453046","2026-06-15 15:29:46"
"04_figures_methods_generation","04_figures_methods_generation\supplementary_methods_script\build_kom_supp_methods_doc.py",".py","58541","2026-06-15 11:34:32"
"05_model_pipeline_protocols","05_model_pipeline_protocols\training_protocol_freeze\KOMRisk_retraining_protocol_FREEZE_DRAFT.md",".md","4669","2026-06-10 03:46:05"
"05_model_pipeline_protocols","05_model_pipeline_protocols\training_protocol_freeze\posthoc_error_analysis_plan.md",".md","413","2026-06-10 03:46:05"
"06_review_ready_runtime_notes","06_review_ready_runtime_notes\KOM_Reviewer_Interface_Single_File.html",".html","631885","2026-06-05 23:52:23"
"06_review_ready_runtime_notes","06_review_ready_runtime_notes\README_RUNTIME.txt",".txt","546","2026-06-10 23:06:32"
